{
  "Request2 GET" : {
    "transaction" : "Request2 GET",
    "sampleCount" : 17821,
    "errorCount" : 0,
    "errorPct" : 0.0,
    "meanResTime" : 134.97373884742643,
    "medianResTime" : 128.0,
    "minResTime" : 79.0,
    "maxResTime" : 494.0,
    "pct1ResTime" : 163.0,
    "pct2ResTime" : 185.0,
    "pct3ResTime" : 272.0,
    "throughput" : 59.57530738732474,
    "receivedKBytesPerSec" : 3396.9232199240137,
    "sentKBytesPerSec" : 13.264814535459024
  },
  "Request1 GET" : {
    "transaction" : "Request1 GET",
    "sampleCount" : 12544,
    "errorCount" : 0,
    "errorPct" : 0.0,
    "meanResTime" : 135.64492984693914,
    "medianResTime" : 129.0,
    "minResTime" : 87.0,
    "maxResTime" : 743.0,
    "pct1ResTime" : 165.0,
    "pct2ResTime" : 187.0,
    "pct3ResTime" : 278.0,
    "throughput" : 20.942618161176686,
    "receivedKBytesPerSec" : 1194.1285730608377,
    "sentKBytesPerSec" : 4.663004824949496
  },
  "Total" : {
    "transaction" : "Total",
    "sampleCount" : 91095,
    "errorCount" : 0,
    "errorPct" : 0.0,
    "meanResTime" : 90.14734068829333,
    "medianResTime" : 77.0,
    "minResTime" : 27.0,
    "maxResTime" : 743.0,
    "pct1ResTime" : 135.0,
    "pct2ResTime" : 147.0,
    "pct3ResTime" : 194.0,
    "throughput" : 152.0604402483178,
    "receivedKBytesPerSec" : 5780.224453779268,
    "sentKBytesPerSec" : 22.571471599359676
  },
  "Request1 GET-0" : {
    "transaction" : "Request1 GET-0",
    "sampleCount" : 12544,
    "errorCount" : 0,
    "errorPct" : 0.0,
    "meanResTime" : 54.15138711734688,
    "medianResTime" : 50.0,
    "minResTime" : 29.0,
    "maxResTime" : 678.0,
    "pct1ResTime" : 72.0,
    "pct2ResTime" : 86.0,
    "pct3ResTime" : 131.0,
    "throughput" : 20.946115183595772,
    "receivedKBytesPerSec" : 10.092565607936614,
    "sentKBytesPerSec" : 2.250070966987827
  },
  "Request2 GET-1" : {
    "transaction" : "Request2 GET-1",
    "sampleCount" : 17821,
    "errorCount" : 0,
    "errorPct" : 0.0,
    "meanResTime" : 82.12698501767542,
    "medianResTime" : 78.0,
    "minResTime" : 49.0,
    "maxResTime" : 341.0,
    "pct1ResTime" : 103.0,
    "pct2ResTime" : 119.0,
    "pct3ResTime" : 159.0,
    "throughput" : 59.60280405089031,
    "receivedKBytesPerSec" : 3369.774118790469,
    "sentKBytesPerSec" : 6.868291873051814
  },
  "Request2 GET-0" : {
    "transaction" : "Request2 GET-0",
    "sampleCount" : 17821,
    "errorCount" : 0,
    "errorPct" : 0.0,
    "meanResTime" : 52.802873014982524,
    "medianResTime" : 49.0,
    "minResTime" : 27.0,
    "maxResTime" : 347.0,
    "pct1ResTime" : 69.0,
    "pct2ResTime" : 84.0,
    "pct3ResTime" : 128.0,
    "throughput" : 59.593037837114814,
    "receivedKBytesPerSec" : 28.71222741351636,
    "sentKBytesPerSec" : 6.4015958614088175
  },
  "Request1 GET-1" : {
    "transaction" : "Request1 GET-1",
    "sampleCount" : 12544,
    "errorCount" : 0,
    "errorPct" : 0.0,
    "meanResTime" : 81.41063456632673,
    "medianResTime" : 77.0,
    "minResTime" : 52.0,
    "maxResTime" : 370.0,
    "pct1ResTime" : 101.0,
    "pct2ResTime" : 117.0,
    "pct3ResTime" : 160.0,
    "throughput" : 20.95332273194981,
    "receivedKBytesPerSec" : 1184.64289925672,
    "sentKBytesPerSec" : 2.4145430491895286
  }
}